{
  "pearson_correlation": {
    "correlation_matrix": {
      "age": {
        "age": 1,
        "sex": -0.09844660247479375,
        "cp": -0.06865301584014537,
        "trestbps": 0.27935090656128797,
        "chol": 0.2136779565595619,
        "fbs": 0.1213076480933747,
        "restecg": -0.11621089815852946,
        "thalach": -0.3985219381210681,
        "exang": 0.09680082645526811,
        "oldpeak": 0.21001256735867396,
        "slope": -0.16881423801209605,
        "ca": 0.27632624401913936,
        "thal": 0.06800137705465205,
        "target": -0.22543871587483838
      },
      "sex": {
        "age": -0.09844660247479375,
        "sex": 1,
        "cp": -0.04935287534698945,
        "trestbps": -0.0567688239696438,
        "chol": -0.19791217414110693,
        "fbs": 0.04503178919356035,
        "restecg": -0.058196267703754766,
        "thalach": -0.04401990776957467,
        "exang": 0.14166381099150557,
        "oldpeak": 0.09609287706773899,
        "slope": -0.030710567303172596,
        "ca": 0.11826141332036008,
        "thal": 0.21004109563720721,
        "target": -0.28093657550176676
      },
      "cp": {
        "age": -0.06865301584014537,
        "sex": -0.04935287534698945,
        "cp": 1,
        "trestbps": 0.04760776064464909,
        "chol": -0.07690439103320765,
        "fbs": 0.09444403499533138,
        "restecg": 0.0444205925101639,
        "thalach": 0.29576212458791074,
        "exang": -0.39428026849502185,
        "oldpeak": -0.14923015809708104,
        "slope": 0.11971658853470653,
        "ca": -0.18105302605349538,
        "thal": -0.16173557051002235,
        "target": 0.43379826150689443
      },
      "trestbps": {
        "age": 0.27935090656128797,
        "sex": -0.0567688239696438,
        "cp": 0.04760776064464909,
        "trestbps": 1,
        "chol": 0.12317420653239047,
        "fbs": 0.1775305419344599,
        "restecg": -0.11410278639187008,
        "thalach": -0.04669772814795376,
        "exang": 0.06761611953876327,
        "oldpeak": 0.19321647240953582,
        "slope": -0.12147458192644964,
        "ca": 0.10138898530055088,
        "thal": 0.062209887630861084,
        "target": -0.14493112849775
      },
      "chol": {
        "age": 0.2136779565595619,
        "sex": -0.19791217414110693,
        "cp": -0.07690439103320765,
        "trestbps": 0.12317420653239047,
        "chol": 1,
        "fbs": 0.013293602251671545,
        "restecg": -0.15104007833751223,
        "thalach": -0.009939838642698075,
        "exang": 0.06702278257394262,
        "oldpeak": 0.05395191998699381,
        "slope": -0.004037770369683779,
        "ca": 0.07051092522607601,
        "thal": 0.09880299250014513,
        "target": -0.08523910513756904
      },
      "fbs": {
        "age": 0.1213076480933747,
        "sex": 0.04503178919356035,
        "cp": 0.09444403499533138,
        "trestbps": 0.1775305419344599,
        "chol": 0.013293602251671545,
        "fbs": 1,
        "restecg": -0.0841890544310268,
        "thalach": -0.008567107343486924,
        "exang": 0.025665147202126176,
        "oldpeak": 0.005747223459644359,
        "slope": -0.05989417829041802,
        "ca": 0.1379793270278513,
        "thal": -0.03201933931349756,
        "target": -0.028045760272712952
      },
      "restecg": {
        "age": -0.11621089815852946,
        "sex": -0.058196267703754766,
        "cp": 0.0444205925101639,
        "trestbps": -0.11410278639187008,
        "chol": -0.15104007833751223,
        "fbs": -0.0841890544310268,
        "restecg": 1,
        "thalach": 0.04412344408543699,
        "exang": -0.07073285587236658,
        "oldpeak": -0.05877022631983708,
        "slope": 0.0930448209744822,
        "ca": -0.07204243324693001,
        "thal": -0.011981404599806436,
        "target": 0.1372295028737732
      },
      "thalach": {
        "age": -0.3985219381210681,
        "sex": -0.04401990776957467,
        "cp": 0.29576212458791074,
        "trestbps": -0.04669772814795376,
        "chol": -0.009939838642698075,
        "fbs": -0.008567107343486924,
        "restecg": 0.04412344408543699,
        "thalach": 1,
        "exang": -0.3788120938514863,
        "oldpeak": -0.34418694796671606,
        "slope": 0.38678440981481926,
        "ca": -0.21317692811538935,
        "thal": -0.09643913165982082,
        "target": 0.4217409338106742
      },
      "exang": {
        "age": 0.09680082645526811,
        "sex": 0.14166381099150557,
        "cp": -0.39428026849502185,
        "trestbps": 0.06761611953876327,
        "chol": 0.06702278257394262,
        "fbs": 0.025665147202126176,
        "restecg": -0.07073285587236658,
        "thalach": -0.3788120938514863,
        "exang": 1,
        "oldpeak": 0.28822280778276554,
        "slope": -0.25774836853016647,
        "ca": 0.11573937807050606,
        "thal": 0.20675378773953748,
        "target": -0.43675708335330315
      },
      "oldpeak": {
        "age": 0.21001256735867396,
        "sex": 0.09609287706773899,
        "cp": -0.14923015809708104,
        "trestbps": 0.19321647240953582,
        "chol": 0.05395191998699381,
        "fbs": 0.005747223459644359,
        "restecg": -0.05877022631983708,
        "thalach": -0.34418694796671606,
        "exang": 0.28822280778276554,
        "oldpeak": 1,
        "slope": -0.5775368167291409,
        "ca": 0.22268232182782355,
        "thal": 0.21024412598264872,
        "target": -0.4306960016873686
      },
      "slope": {
        "age": -0.16881423801209605,
        "sex": -0.030710567303172596,
        "cp": 0.11971658853470653,
        "trestbps": -0.12147458192644964,
        "chol": -0.004037770369683779,
        "fbs": -0.05989417829041802,
        "restecg": 0.0930448209744822,
        "thalach": 0.38678440981481926,
        "exang": -0.25774836853016647,
        "oldpeak": -0.5775368167291409,
        "slope": 1,
        "ca": -0.0801552102146397,
        "thal": -0.1047637946214955,
        "target": 0.34587707824172464
      },
      "ca": {
        "age": 0.27632624401913936,
        "sex": 0.11826141332036008,
        "cp": -0.18105302605349538,
        "trestbps": 0.10138898530055088,
        "chol": 0.07051092522607601,
        "fbs": 0.1379793270278513,
        "restecg": -0.07204243324693001,
        "thalach": -0.21317692811538935,
        "exang": 0.11573937807050606,
        "oldpeak": 0.22268232182782355,
        "slope": -0.0801552102146397,
        "ca": 1,
        "thal": 0.15183212548208916,
        "target": -0.39172399235125244
      },
      "thal": {
        "age": 0.06800137705465205,
        "sex": 0.21004109563720721,
        "cp": -0.16173557051002235,
        "trestbps": 0.062209887630861084,
        "chol": 0.09880299250014513,
        "fbs": -0.03201933931349756,
        "restecg": -0.011981404599806436,
        "thalach": -0.09643913165982082,
        "exang": 0.20675378773953748,
        "oldpeak": 0.21024412598264872,
        "slope": -0.1047637946214955,
        "ca": 0.15183212548208916,
        "thal": 1,
        "target": -0.34402926803830997
      },
      "target": {
        "age": -0.22543871587483838,
        "sex": -0.28093657550176676,
        "cp": 0.43379826150689443,
        "trestbps": -0.14493112849775,
        "chol": -0.08523910513756904,
        "fbs": -0.028045760272712952,
        "restecg": 0.1372295028737732,
        "thalach": 0.4217409338106742,
        "exang": -0.43675708335330315,
        "oldpeak": -0.4306960016873686,
        "slope": 0.34587707824172464,
        "ca": -0.39172399235125244,
        "thal": -0.34402926803830997,
        "target": 1
      }
    },
    "evaluation": {
      "age": {
        "f_stat": 294.8484184752837,
        "p_value": 1.3766885695178808e-46
      },
      "sex": {
        "f_stat": 102.40719830628089,
        "p_value": 6.413618431142369e-21
      },
      "cp": {
        "f_stat": 322.2162912042406,
        "p_value": 1.5462881926952722e-49
      },